Workbook

Sheet Summary
A2: Corrected REP-3 v2 issuance audit
A4: Decision | B4: Value | C4: State | M4: Root | N4: Revised | O4: Replaced | P4: Retained
A5: plates issued | B5: =COUNTIF('Plate Register'!J5:J10,1) -> 6 | C5: ISSUED | E5: Decision All six corrected REP-3 v2 plates issue together. Fifteen affected hypotheses visibly implement their inherited revision or replacement order; three retained forms remain traceable. Every v1 raster and failure record is preserved. The plates remain equal-salience, mechanically plural, unselected and evidence-free. No money, bid, production or fleet authority advances. | M5: ET-A | N5: 3 | O5: 0 | P5: 0
A6: hypotheses reissued | B6: =COUNTIF('Hypothesis Lineage'!J5:J22,1) -> 18 | C6: UNSELECTED | M6: CT-C | N6: 2 | O6: 0 | P6: 1
A7: affected hypotheses corrected | B7: =COUNTIF('Correction Orders'!F5:F19,1) -> 15 | C7: COMPLETE | M7: HC-A | N7: 1 | O7: 1 | P7: 1
A8: prior records preserved | B8: =COUNTIF('Plate Register'!I5:I10,1) -> 6 | C8: TRACEABLE | M8: LF-B | N8: 2 | O8: 1 | P8: 0
A9: view-rule decisions | B9: =COUNTA('View Audit'!A5:A88) -> 84 | C9: COMPLETE | M9: HU-A | N9: 2 | O9: 1 | P9: 0
A10: view-rule passes | B10: =COUNTIF('View Audit'!E5:E88,"PASS") -> 84 | C10: PASS | M10: RT-B | N10: 0 | O10: 2 | P10: 1
A11: view-rule failures | B11: =COUNTIF('View Audit'!E5:E88,"FAIL") -> 0 | C11: ZERO
A12: selected hypotheses | B12: =SUM('Hypothesis Lineage'!K5:K22) -> 0 | C12: ZERO
A13: accepted observations | B13: =SUM('Hypothesis Lineage'!L5:L22) -> 0 | C13: ZERO
A14: branch kills | B14: =Controls!B13 -> 0 | C14: ZERO
A15: incremental ceiling USD B | B15: =Finance!G11 -> 0 | C15: ZERO
A16: accepted USD B | B16: =Finance!H11 -> 0 | C16: ZERO

Sheet Controls
A2: Corrected REP-3 v2 issuance controls
A5: Control | B5: Value | C5: Unit | D5: Authority
A6: roots | B6: 6 | C6: count | D6: Pass 223
A7: hypotheses | B7: 18 | C7: count | D7: Pass 220
A8: affected hypotheses | B8: 15 | C8: count | D8: Pass 222
A9: view rules per root | B9: 14 | C9: count | D9: Pass 220
A10: v2 issue state | B10: 1 | C10: binary | D10: Pass 223
A11: selected hypotheses | B11: 0 | C11: count | D11: held
A12: accepted observations | B12: 0 | C12: count | D12: source empty
A13: branch kills | B13: 0 | C13: count | D13: Pass 223 decision
A14: FRAME share | B14: 0.15 | C14: share | D14: Pass 215
A15: incremental issuance ceiling | B15: 0 | C15: USD B | D15: no new authority

Sheet Plate Register
A2: Six-plate lineage register
A4: Root | B4: v1 plate | C4: v2 plate | D4: v1 SHA-256 | E4: v2 SHA-256 | F4: Revised | G4: Replaced | H4: Retained | I4: v1 retained | J4: v2 issued | K4: Lineage state
A5: ET-A | B5: et-a-rep3-rival-form-set.png | C5: et-a-rep3-v2-corrected-rival-form-set.png | D5: 456969da19c41c15857493f3303ae1ef4a47da87142e702f6891d5a304d07d8f | E5: 9defa12378c96471c2fa350a256cabda84310970fe80350c0ed1c367d58415bb | F5: 3 | G5: 0 | H5: 0 | I5: 1 | J5: 1 | K5: =IF(AND(I5=1,J5=1,D5<>"",E5<>"",D5<>E5),"PASS","FAIL") -> PASS
A6: CT-C | B6: ct-c-rep3-rival-form-set.png | C6: ct-c-rep3-v2-corrected-rival-form-set.png | D6: b4cc2789848e418e1c40eb64e89e3cb14cc1973a8b2ac2bb3d9d0c25dd0c11eb | E6: ed6676928dc1b869157cb72293ac810a59532ffd348ad00e1bfdc8a034e6213c | F6: 2 | G6: 0 | H6: 1 | I6: 1 | J6: 1 | K6: =IF(AND(I6=1,J6=1,D6<>"",E6<>"",D6<>E6),"PASS","FAIL") -> PASS
A7: HC-A | B7: hc-a-rep3-rival-form-set.png | C7: hc-a-rep3-v2-corrected-rival-form-set.png | D7: b0d50a284eee7911443e34c1d92019455607bd289a42ced193adcd270e6f7603 | E7: f2047b4c2cb97627bfb1006a290def873841fbf03db4b6659a0b169f9a84cb92 | F7: 1 | G7: 1 | H7: 1 | I7: 1 | J7: 1 | K7: =IF(AND(I7=1,J7=1,D7<>"",E7<>"",D7<>E7),"PASS","FAIL") -> PASS
A8: LF-B | B8: lf-b-rep3-rival-form-set.png | C8: lf-b-rep3-v2-corrected-rival-form-set.png | D8: 464fa0bbe191a3ad785f68aa61680e8d573154b190c83633c2be92a5702dc2fe | E8: 5ed319b719201ed01cdac8c51ec70d08b3a2119c72d318fdc36b8a6a346dc034 | F8: 2 | G8: 1 | H8: 0 | I8: 1 | J8: 1 | K8: =IF(AND(I8=1,J8=1,D8<>"",E8<>"",D8<>E8),"PASS","FAIL") -> PASS
A9: HU-A | B9: hu-a-rep3-rival-form-set.png | C9: hu-a-rep3-v2-corrected-rival-form-set.png | D9: ba53efeccf63916ba2142d0899b46ac0f8dcdbbc3f4c73a9f14285c737d466d9 | E9: c5f8af638195d873173cb83420b49f8e2d34d18ce48f504aa51d66c64364ec53 | F9: 2 | G9: 1 | H9: 0 | I9: 1 | J9: 1 | K9: =IF(AND(I9=1,J9=1,D9<>"",E9<>"",D9<>E9),"PASS","FAIL") -> PASS
A10: RT-B | B10: rt-b-rep3-rival-form-set.png | C10: rt-b-rep3-v2-corrected-rival-form-set.png | D10: cb8208456798b395b775061b504e1791edd5dcf3c0bd3686387e502fd1a3558e | E10: ccf6d74a44ddf91a3a4ddf5b5a7565ac5df6c3555b4ab7766800f4dd9bfc3007 | F10: 0 | G10: 2 | H10: 1 | I10: 1 | J10: 1 | K10: =IF(AND(I10=1,J10=1,D10<>"",E10<>"",D10<>E10),"PASS","FAIL") -> PASS

Sheet Hypothesis Lineage
A2: Eighteen-hypothesis v1-to-v2 lineage
A4: Hypothesis | B4: Root | C4: Variant | D4: v1 form | E4: Pass 222 disposition | F4: v2 form | G4: Required change | H4: v1 preserved | I4: change shown | J4: v2 issued | K4: selected | L4: evidence | M4: ID occurrences | N4: Root occurrences | O4: Mechanism distinct | P4: State
A5: ET-A-A | B5: ET-A | C5: A | D5: Distributed twin-body exchange | E5: REVISE | F5: Distributed twin-body exchange | G5: split custody, residual handling, cold-build records and load path by exchange path | H5: 1 | I5: 1 | J5: 1 | K5: 0 | L5: 0 | M5: =COUNTIF($A$5:$A$22,A5) -> 1 | N5: =COUNTIF($B$5:$B$22,B5) -> 3 | O5: 1 | P5: =IF(AND(H5=1,I5=1,J5=1,K5=0,L5=0,M5=1,N5=3,O5=1),"REISSUED / UNSELECTED","FAIL") -> REISSUED / UNSELECTED
A6: ET-A-B | B6: ET-A | C6: B | D6: Articulated offshore spine | E6: REVISE | F6: Articulated offshore spine | G6: two separately safeable articulation chains and dual load paths | H6: 1 | I6: 1 | J6: 1 | K6: 0 | L6: 0 | M6: =COUNTIF($A$5:$A$22,A6) -> 1 | N6: =COUNTIF($B$5:$B$22,B6) -> 3 | O6: 1 | P6: =IF(AND(H6=1,I6=1,J6=1,K6=0,L6=0,M6=1,N6=3,O6=1),"REISSUED / UNSELECTED","FAIL") -> REISSUED / UNSELECTED
A7: ET-A-C | B7: ET-A | C7: C | D7: Semi-submersible exchange lattice | E7: REVISE | F7: Semi-submersible exchange lattice | G7: two wet-to-dry frames; stationkeeping closure remains unresolved | H7: 1 | I7: 1 | J7: 1 | K7: 0 | L7: 0 | M7: =COUNTIF($A$5:$A$22,A7) -> 1 | N7: =COUNTIF($B$5:$B$22,B7) -> 3 | O7: 1 | P7: =IF(AND(H7=1,I7=1,J7=1,K7=0,L7=0,M7=1,N7=3,O7=1),"REISSUED / UNSELECTED","FAIL") -> REISSUED / UNSELECTED
A8: CT-C-A | B8: CT-C | C8: A | D8: Ground-supported telescoping spine | E8: REVISE | F8: Segmented telescoping utility spine | G8: separately founded reaction and rebuild sections by trunk group | H8: 1 | I8: 1 | J8: 1 | K8: 0 | L8: 0 | M8: =COUNTIF($A$5:$A$22,A8) -> 1 | N8: =COUNTIF($B$5:$B$22,B8) -> 3 | O8: 1 | P8: =IF(AND(H8=1,I8=1,J8=1,K8=0,L8=0,M8=1,N8=3,O8=1),"REISSUED / UNSELECTED","FAIL") -> REISSUED / UNSELECTED
A9: CT-C-B | B9: CT-C | C9: B | D9: Suspended facade utility belt | E9: REVISE | F9: Sectional suspended utility belt | G9: independent anchor zones, load paths and fail-safe belt breaks | H9: 1 | I9: 1 | J9: 1 | K9: 0 | L9: 0 | M9: =COUNTIF($A$5:$A$22,A9) -> 1 | N9: =COUNTIF($B$5:$B$22,B9) -> 3 | O9: 1 | P9: =IF(AND(H9=1,I9=1,J9=1,K9=0,L9=0,M9=1,N9=3,O9=1),"REISSUED / UNSELECTED","FAIL") -> REISSUED / UNSELECTED
A10: CT-C-C | B10: CT-C | C10: C | D10: Mast-and-bridge insertion grid | E10: RETAIN | F10: Mast-and-bridge insertion grid | G10: retained; separate bridge drops, reaction paths and egress | H10: 1 | I10: 1 | J10: 1 | K10: 0 | L10: 0 | M10: =COUNTIF($A$5:$A$22,A10) -> 1 | N10: =COUNTIF($B$5:$B$22,B10) -> 3 | O10: 1 | P10: =IF(AND(H10=1,I10=1,J10=1,K10=0,L10=0,M10=1,N10=3,O10=1),"REISSUED / UNSELECTED","FAIL") -> REISSUED / UNSELECTED
A11: HC-A-A | B11: HC-A | C11: A | D11: High-endurance winged array | E11: WITHDRAW / REPLACE | F11: Independent winged sector cells | G11: five separate airframes with local energy, control, custody and recovery | H11: 1 | I11: 1 | J11: 1 | K11: 0 | L11: 0 | M11: =COUNTIF($A$5:$A$22,A11) -> 1 | N11: =COUNTIF($B$5:$B$22,B11) -> 3 | O11: 1 | P11: =IF(AND(H11=1,I11=1,J11=1,K11=0,L11=0,M11=1,N11=3,O11=1),"REISSUED / UNSELECTED","FAIL") -> REISSUED / UNSELECTED
A12: HC-A-B | B12: HC-A | C12: B | D12: Aerostat intervention train | E12: REVISE | F12: Independent aerostat sector cells | G12: separate tether stations, energy, control, custody and recovery | H12: 1 | I12: 1 | J12: 1 | K12: 0 | L12: 0 | M12: =COUNTIF($A$5:$A$22,A12) -> 1 | N12: =COUNTIF($B$5:$B$22,B12) -> 3 | O12: 1 | P12: =IF(AND(H12=1,I12=1,J12=1,K12=0,L12=0,M12=1,N12=3,O12=1),"REISSUED / UNSELECTED","FAIL") -> REISSUED / UNSELECTED
A13: HC-A-C | B13: HC-A | C13: C | D13: Distributed rotorborne cells | E13: RETAIN | F13: Distributed rotorborne cells | G13: retained; local control and no decisive common network | H13: 1 | I13: 1 | J13: 1 | K13: 0 | L13: 0 | M13: =COUNTIF($A$5:$A$22,A13) -> 1 | N13: =COUNTIF($B$5:$B$22,B13) -> 3 | O13: 1 | P13: =IF(AND(H13=1,I13=1,J13=1,K13=0,L13=0,M13=1,N13=3,O13=1),"REISSUED / UNSELECTED","FAIL") -> REISSUED / UNSELECTED
A14: LF-B-A | B14: LF-B | C14: A | D14: Radial multi-bore source field | E14: REVISE | F14: Cellular radial multi-bore field | G14: loss-defined conversion, product and injection headers | H14: 1 | I14: 1 | J14: 1 | K14: 0 | L14: 0 | M14: =COUNTIF($A$5:$A$22,A14) -> 1 | N14: =COUNTIF($B$5:$B$22,B14) -> 3 | O14: 1 | P14: =IF(AND(H14=1,I14=1,J14=1,K14=0,L14=0,M14=1,N14=3,O14=1),"REISSUED / UNSELECTED","FAIL") -> REISSUED / UNSELECTED
A15: LF-B-B | B15: LF-B | C15: B | D15: Linear roadless source train | E15: REVISE | F15: Dual-basin roadless source train | G15: two route basins with independent cold access | H15: 1 | I15: 1 | J15: 1 | K15: 0 | L15: 0 | M15: =COUNTIF($A$5:$A$22,A15) -> 1 | N15: =COUNTIF($B$5:$B$22,B15) -> 3 | O15: 1 | P15: =IF(AND(H15=1,I15=1,J15=1,K15=0,L15=0,M15=1,N15=3,O15=1),"REISSUED / UNSELECTED","FAIL") -> REISSUED / UNSELECTED
A16: LF-B-C | B16: LF-B | C16: C | D16: Nearshore supported source island | E16: WITHDRAW / REPLACE | F16: Nearshore caisson source archipelago | G16: three separately founded caissons with local complete source trains | H16: 1 | I16: 1 | J16: 1 | K16: 0 | L16: 0 | M16: =COUNTIF($A$5:$A$22,A16) -> 1 | N16: =COUNTIF($B$5:$B$22,B16) -> 3 | O16: 1 | P16: =IF(AND(H16=1,I16=1,J16=1,K16=0,L16=0,M16=1,N16=3,O16=1),"REISSUED / UNSELECTED","FAIL") -> REISSUED / UNSELECTED
... A22: RT-B-C | B22: RT-B | C22: C | D22: Linear mobile process train | E22: WITHDRAW / REPLACE | F22: Parallel mobile microfactory trainlets | G22: five parallel trainlets, each with a complete process and metrology chain | H22: 1 | I22: 1 | J22: 1 | K22: 0 | L22: 0 | M22: =COUNTIF($A$5:$A$22,A22) -> 1 | N22: =COUNTIF($B$5:$B$22,B22) -> 3 | O22: 1 | P22: =IF(AND(H22=1,I22=1,J22=1,K22=0,L22=0,M22=1,N22=3,O22=1),"REISSUED / UNSELECTED","FAIL") -> REISSUED / UNSELECTED

Sheet Correction Orders
A2: Fifteen inherited correction orders
A4: Hypothesis | B4: Root | C4: Prior disposition | D4: Required correction | E4: v2 implementation | F4: Verified | G4: Authority state
A5: ET-A-A | B5: ET-A | C5: REVISE | D5: split custody, residual handling, cold-build records and load path by exchange path | E5: bounded revision: Distributed twin-body exchange | F5: 1 | G5: REPRESENTATION ONLY
A6: ET-A-B | B6: ET-A | C6: REVISE | D6: two separately safeable articulation chains and dual load paths | E6: bounded revision: Articulated offshore spine | F6: 1 | G6: REPRESENTATION ONLY
A7: ET-A-C | B7: ET-A | C7: REVISE | D7: two wet-to-dry frames; stationkeeping closure remains unresolved | E7: bounded revision: Semi-submersible exchange lattice | F7: 1 | G7: REPRESENTATION ONLY
A8: CT-C-A | B8: CT-C | C8: REVISE | D8: separately founded reaction and rebuild sections by trunk group | E8: bounded revision: Segmented telescoping utility spine | F8: 1 | G8: REPRESENTATION ONLY
A9: CT-C-B | B9: CT-C | C9: REVISE | D9: independent anchor zones, load paths and fail-safe belt breaks | E9: bounded revision: Sectional suspended utility belt | F9: 1 | G9: REPRESENTATION ONLY
A10: HC-A-A | B10: HC-A | C10: WITHDRAW / REPLACE | D10: five separate airframes with local energy, control, custody and recovery | E10: replacement form: Independent winged sector cells | F10: 1 | G10: REPRESENTATION ONLY
A11: HC-A-B | B11: HC-A | C11: REVISE | D11: separate tether stations, energy, control, custody and recovery | E11: bounded revision: Independent aerostat sector cells | F11: 1 | G11: REPRESENTATION ONLY
A12: LF-B-A | B12: LF-B | C12: REVISE | D12: loss-defined conversion, product and injection headers | E12: bounded revision: Cellular radial multi-bore field | F12: 1 | G12: REPRESENTATION ONLY
A13: LF-B-B | B13: LF-B | C13: REVISE | D13: two route basins with independent cold access | E13: bounded revision: Dual-basin roadless source train | F13: 1 | G13: REPRESENTATION ONLY
A14: LF-B-C | B14: LF-B | C14: WITHDRAW / REPLACE | D14: three separately founded caissons with local complete source trains | E14: replacement form: Nearshore caisson source archipelago | F14: 1 | G14: REPRESENTATION ONLY
A15: HU-A-A | B15: HU-A | C15: REVISE | D15: six utilities and residual custody distributed across isolated courts | E15: bounded revision: Utility-separated clinical courtyards | F15: 1 | G15: REPRESENTATION ONLY
A16: HU-A-B | B16: HU-A | C16: REVISE | D16: isolatable spine sections and two independent bypass routes | E16: bounded revision: Sectional bypassed care spine | F16: 1 | G16: REPRESENTATION ONLY
... A19: RT-B-C | B19: RT-B | C19: WITHDRAW / REPLACE | D19: five parallel trainlets, each with a complete process and metrology chain | E19: replacement form: Parallel mobile microfactory trainlets | F19: 1 | G19: REPRESENTATION ONLY

Sheet View Audit
A2: Eighty-four root-by-view-rule decisions
A4: Decision | B4: Root | C4: Rule | D4: Requirement | E4: Result | F4: Observation authority
A5: V001 | B5: ET-A | C5: VG-01 | D5: all three rivals appear together | E5: PASS | F5: 0
A6: V002 | B6: ET-A | C6: VG-02 | D6: equal columns, scale, camera, light and detail | E6: PASS | F6: 0
A7: V003 | B7: ET-A | C7: VG-03 | D7: main view plus plan, elevation or causal section | E7: PASS | F7: 0
A8: V004 | B8: ET-A | C8: VG-04 | D8: common visual grammar separates candidate and unknown | E8: PASS | F8: 0
A9: V005 | B9: ET-A | C9: VG-05 | D9: no mark is treated as measured evidence | E9: PASS | F9: 0
A10: V006 | B10: ET-A | C10: VG-06 | D10: unresolved closure remains ghosted or absent | E10: PASS | F10: 0
A11: V007 | B11: ET-A | C11: VG-07 | D11: plate is inseparable from root, class, version and state | E11: PASS | F11: 0
A12: V008 | B12: ET-A | C12: VG-08 | D12: causal paths and isolation boundaries remain visible | E12: PASS | F12: 0
A13: V009 | B13: ET-A | C13: VG-09 | D13: no livery, brand or promotional palette | E13: PASS | F13: 0
A14: V010 | B14: ET-A | C14: VG-10 | D14: no named place or dramatic mission scene | E14: PASS | F14: 0
A15: V011 | B15: ET-A | C15: VG-11 | D15: caption preserves requirement versus observation boundary | E15: PASS | F15: 0
A16: V012 | B16: ET-A | C16: VG-12 | D16: each panel is one hypothesis, not a fleet quantity | E16: PASS | F16: 0
... A88: V084 | B88: RT-B | C88: VG-14 | D88: only causal geometry is represented as resolved | E88: PASS | F88: 0

Sheet Finance
A2: Corrected issuance adds no program ceiling
A4: System | B4: Root | C4: Article | D4: Option ceiling USD B | E4: FRAME share | F4: Maximum FRAME USD B | G4: Incremental issuance USD B | H4: Accepted USD B | I4: Paid USD B | J4: State
A5: MS-ET | B5: ET-A | C5: Pelagic exchange cell | D5: 0.50047462 | E5: =Controls!$B$14 -> 0.15 | F5: =D5*E5 -> 0.075071193 | G5: =Controls!$B$15 -> 0 | H5: 0 | I5: 0 | J5: =IF(OR(G5>0,H5>0,I5>0),"INVALID","HELD") -> HELD
A6: MS-CT | B6: CT-C | C6: Occupied-building utility-spine sector | D6: 0.51649348 | E6: =Controls!$B$14 -> 0.15 | F6: =D6*E6 -> 0.077474022 | G6: =Controls!$B$15 -> 0 | H6: 0 | I6: 0 | J6: =IF(OR(G6>0,H6>0,I6>0),"INVALID","HELD") -> HELD
A7: MS-HC | B7: HC-A | C7: Atmospheric intervention cell | D7: 0.30722165 | E7: =Controls!$B$14 -> 0.15 | F7: =D7*E7 -> 0.046083248 | G7: =Controls!$B$15 -> 0 | H7: 0 | I7: 0 | J7: =IF(OR(G7>0,H7>0,I7>0),"INVALID","HELD") -> HELD
A8: MS-LF | B8: LF-B | C8: Geothermal source position | D8: 0.89941282 | E8: =Controls!$B$14 -> 0.15 | F8: =D8*E8 -> 0.13491192 | G8: =Controls!$B$15 -> 0 | H8: 0 | I8: 0 | J8: =IF(OR(G8>0,H8>0,I8>0),"INVALID","HELD") -> HELD
A9: MS-HU | B9: HU-A | C9: Complete clinical island | D9: 0.86071245 | E9: =Controls!$B$14 -> 0.15 | F9: =D9*E9 -> 0.12910687 | G9: =Controls!$B$15 -> 0 | H9: 0 | I9: 0 | J9: =IF(OR(G9>0,H9>0,I9>0),"INVALID","HELD") -> HELD
A10: MS-RT | B10: RT-B | C10: Disconnected microfactory mesh | D10: 0.50259779 | E10: =Controls!$B$14 -> 0.15 | F10: =D10*E10 -> 0.075389669 | G10: =Controls!$B$15 -> 0 | H10: 0 | I10: 0 | J10: =IF(OR(G10>0,H10>0,I10>0),"INVALID","HELD") -> HELD
A11: TOTAL | B11: six roots | C11: corrected visual issuance | D11: =SUM(D5:D10) -> 3.5869128 | F11: =SUM(F5:F10) -> 0.53803692 | G11: =SUM(G5:G10) -> 0 | H11: =SUM(H5:H10) -> 0 | I11: =SUM(I5:I10) -> 0 | J11: =IF(COUNTIF(J5:J10,"INVALID")>0,"INVALID","HELD") -> HELD

Sheet Mutations
A2: Mutation test register
A4: Mutation | B4: Controlled change | C4: Expected detection | D4: Detected | E4: Restored
A5: M01 | B5: blank one v2 hash | C5: plate lineage fails | D5: 1 | E5: 1
A6: M02 | B6: erase one hypothesis id | C6: hypothesis count fails | D6: 1 | E6: 1
A7: M03 | B7: set one correction unverified | C7: correction count fails | D7: 1 | E7: 1
A8: M04 | B8: set one view result to FAIL | C8: view pass/fail audits change | D8: 1 | E8: 1
A9: M05 | B9: enter one selected hypothesis | C9: zero-selection audit fails | D9: 1 | E9: 1
A10: M06 | B10: enter one accepted observation | C10: zero-evidence audit fails | D10: 1 | E10: 1
A11: M07 | B11: enter one branch kill | C11: branch-kill audit fails | D11: 1 | E11: 1
A12: M08 | B12: raise FRAME share | C12: finance conservation fails | D12: 1 | E12: 1
A13: M09 | B13: enter incremental issuance ceiling | C13: finance hold fails | D13: 1 | E13: 1
A14: M10 | B14: enter accepted amount | C14: finance hold fails | D14: 1 | E14: 1
A15: M11 | B15: mark one v1 record absent | C15: lineage preservation fails | D15: 1 | E15: 1
A16: M12 | B16: duplicate one root assignment | C16: three-per-root audit fails | D16: 1 | E16: 1

Sheet Audit
A2: Independent workbook checks
A4: Audit | B4: Check | C4: Actual | D4: Expected | E4: Result
A5: A01 | B5: plate count | C5: =COUNTA('Plate Register'!A5:A10) -> 6 | D5: 6 | E5: =IF(ABS(C5-D5)<0.0000001,"PASS","FAIL") -> PASS
A6: A02 | B6: plate lineage pass | C6: =COUNTIF('Plate Register'!K5:K10,"PASS") -> 6 | D6: 6 | E6: =IF(ABS(C6-D6)<0.0000001,"PASS","FAIL") -> PASS
A7: A03 | B7: hypothesis count | C7: =COUNTA('Hypothesis Lineage'!A5:A22) -> 18 | D7: 18 | E7: =IF(ABS(C7-D7)<0.0000001,"PASS","FAIL") -> PASS
A8: A04 | B8: unique hypothesis ids | C8: =COUNTIF('Hypothesis Lineage'!M5:M22,1) -> 18 | D8: 18 | E8: =IF(ABS(C8-D8)<0.0000001,"PASS","FAIL") -> PASS
A9: A05 | B9: complete roots | C9: =COUNTIF('Hypothesis Lineage'!N5:N22,3)/3 -> 6 | D9: 6 | E9: =IF(ABS(C9-D9)<0.0000001,"PASS","FAIL") -> PASS
A10: A06 | B10: reissued hypotheses | C10: =COUNTIF('Hypothesis Lineage'!P5:P22,"REISSUED / UNSELECTED") -> 18 | D10: 18 | E10: =IF(ABS(C10-D10)<0.0000001,"PASS","FAIL") -> PASS
A11: A07 | B11: affected hypotheses | C11: =COUNTA('Correction Orders'!A5:A19) -> 15 | D11: 15 | E11: =IF(ABS(C11-D11)<0.0000001,"PASS","FAIL") -> PASS
A12: A08 | B12: corrections verified | C12: =SUM('Correction Orders'!F5:F19) -> 15 | D12: 15 | E12: =IF(ABS(C12-D12)<0.0000001,"PASS","FAIL") -> PASS
A13: A09 | B13: view decisions | C13: =COUNTA('View Audit'!A5:A88) -> 84 | D13: 84 | E13: =IF(ABS(C13-D13)<0.0000001,"PASS","FAIL") -> PASS
A14: A10 | B14: view passes | C14: =COUNTIF('View Audit'!E5:E88,"PASS") -> 84 | D14: 84 | E14: =IF(ABS(C14-D14)<0.0000001,"PASS","FAIL") -> PASS
A15: A11 | B15: view failures | C15: =COUNTIF('View Audit'!E5:E88,"FAIL") -> 0 | D15: 0 | E15: =IF(ABS(C15-D15)<0.0000001,"PASS","FAIL") -> PASS
A16: A12 | B16: v1 records preserved | C16: =SUM('Plate Register'!I5:I10) -> 6 | D16: 6 | E16: =IF(ABS(C16-D16)<0.0000001,"PASS","FAIL") -> PASS
A17: A13 | B17: v2 plates issued | C17: =SUM('Plate Register'!J5:J10) -> 6 | D17: 6 | E17: =IF(ABS(C17-D17)<0.0000001,"PASS","FAIL") -> PASS
A18: A14 | B18: selected hypotheses | C18: =SUM('Hypothesis Lineage'!K5:K22) -> 0 | D18: 0 | E18: =IF(ABS(C18-D18)<0.0000001,"PASS","FAIL") -> PASS
A19: A15 | B19: accepted observations | C19: =SUM('Hypothesis Lineage'!L5:L22) -> 0 | D19: 0 | E19: =IF(ABS(C19-D19)<0.0000001,"PASS","FAIL") -> PASS
A20: A16 | B20: branch kills | C20: =Controls!B13 -> 0 | D20: 0 | E20: =IF(ABS(C20-D20)<0.0000001,"PASS","FAIL") -> PASS
A21: A17 | B21: option ceiling conservation | C21: =Finance!D11 -> 3.5869128 | D21: 3.5869128 | E21: =IF(ABS(C21-D21)<0.0000001,"PASS","FAIL") -> PASS
A22: A18 | B22: FRAME ceiling conservation | C22: =Finance!F11 -> 0.53803692 | D22: 0.53803692 | E22: =IF(ABS(C22-D22)<0.0000001,"PASS","FAIL") -> PASS
A23: A19 | B23: incremental ceiling | C23: =Finance!G11 -> 0 | D23: 0 | E23: =IF(ABS(C23-D23)<0.0000001,"PASS","FAIL") -> PASS
A24: A20 | B24: accepted amount | C24: =Finance!H11 -> 0 | D24: 0 | E24: =IF(ABS(C24-D24)<0.0000001,"PASS","FAIL") -> PASS
A25: A21 | B25: paid amount | C25: =Finance!I11 -> 0 | D25: 0 | E25: =IF(ABS(C25-D25)<0.0000001,"PASS","FAIL") -> PASS
A26: A22 | B26: finance states held | C26: =COUNTIF(Finance!J5:J10,"HELD") -> 6 | D26: 6 | E26: =IF(ABS(C26-D26)<0.0000001,"PASS","FAIL") -> PASS
A27: A23 | B27: mutations detected | C27: =SUM(Mutations!D5:D16) -> 12 | D27: 12 | E27: =IF(ABS(C27-D27)<0.0000001,"PASS","FAIL") -> PASS
A28: A24 | B28: mutations restored | C28: =SUM(Mutations!E5:E16) -> 12 | D28: 12 | E28: =IF(ABS(C28-D28)<0.0000001,"PASS","FAIL") -> PASS
A29: A25 | B29: root disposition total | C29: =SUM('Plate Register'!F5:H10) -> 18 | D29: 18 | E29: =IF(ABS(C29-D29)<0.0000001,"PASS","FAIL") -> PASS

Sheet Sources & Limits
A2: Sources and limits
A4: Source | B4: Role | C4: Controlled use | D4: Limit
A5: Pass 220 representation boundary | B5: authority | C5: REP-3 class, view rules and nonconversion law | D5: REP-4 through REP-7 remain held
A6: Pass 221 v1 issuance | B6: lineage source | C6: six v1 plate records and hashes | D6: generated marks are not metrology
A7: Pass 222 contradiction audit | B7: decision source | C7: fifteen orders and five replacement specifications | D7: ordinal visual judgment, not engineering evidence
A8: Pass 223 v2 issuance | B8: representation source | C8: six corrected plates and explicit lineage | D8: does not select or validate a form
A9: Pass 215 finance compact | B9: finance source | C9: option ceilings and FRAME share | D9: ceilings are neither awards nor payments
