Workbook

Sheet Summary
A2: Six-root form-induced contradiction audit
A4: Decision | B4: Value | C4: State | M4: Disposition | N4: Count
A5: hypotheses audited | B5: =COUNTA('Hypothesis Audit'!A5:A22) -> 18 | C5: COMPLETE | E5: Decision Three hypotheses remain suitable for dimensioned study. Ten retain their defining topology only after bounded interface revisions. Five are withdrawn because the common failure is the feature that defines their form: one winged airframe, one marine frame, one clinical tower, one clean core and one serial process train. Five replacement specifications preserve the intended mechanism without carrying the failed topology forward. No branch is killed and no form is selected. | M5: Retain | N5: =B8 -> 3
A6: audit domains | B6: =COUNTA(Controls!A9:A14) -> 6 | C6: CONSTITUTED | M6: Revise | N6: =B9 -> 10
A7: domain decisions | B7: =B5*B6 -> 108 | C7: COMPLETE | M7: Withdraw / replace | N7: =B10 -> 5
A8: retain | B8: =COUNTIF('Hypothesis Audit'!P5:P22,"RETAIN") -> 3 | C8: RETAIN
A9: revise | B9: =COUNTIF('Hypothesis Audit'!P5:P22,"REVISE") -> 10 | C9: REVISE
A10: withdraw / replace | B10: =COUNTIF('Hypothesis Audit'!P5:P22,"WITHDRAW / REPLACE") -> 5 | C10: WITHDRAW / REPLACE
A11: fatal domain findings | B11: =SUM('Hypothesis Audit'!N5:N22) -> 13 | C11: TOPOLOGY-FATAL
A12: bounded revision findings | B12: =SUM('Hypothesis Audit'!O5:O22) -> 61 | C12: BOUNDED
A13: branch kills | B13: =Controls!B14 -> 0 | C13: ZERO
A14: replacement forms | B14: =COUNTA('Replacement Forms'!A5:A9) -> 5 | C14: SPECIFICATION ONLY
A15: incremental ceiling USD B | B15: =Finance!G11 -> 0 | C15: ZERO
A16: accepted USD B | B16: =Finance!H11 -> 0 | C16: ZERO

Sheet Controls
A2: Form-induced contradiction controls
A5: Control | B5: Value | C5: Unit | D5: Authority
A6: roots | B6: 6 | C6: count | D6: Pass 221
A7: hypotheses per root | B7: 3 | C7: count | D7: Pass 220
A8: audit domains | B8: 6 | C8: count | D8: Pass 222 decision
A9: pass score | B9: 0 | C9: ordinal | D9: no contradiction visible
A10: revise score | B10: 1 | C10: ordinal | D10: bounded correction preserves topology
A11: withdraw score | B11: 2 | C11: ordinal | D11: correction changes defining topology
A12: selected hypotheses | B12: 0 | C12: count | D12: held
A13: accepted observations | B13: 0 | C13: count | D13: source empty
A14: branch kills | B14: 0 | C14: count | D14: Pass 222 decision
A15: FRAME share | B15: 0.15 | C15: share | D15: Pass 215
A16: incremental contradiction-audit ceiling | B16: 0 | C16: USD B | D16: no new authority

Sheet Hypothesis Audit
A2: Eighteen hypothesis contradiction audit
A4: Hypothesis | B4: System | C4: Root | D4: Variant | E4: Form hypothesis | F4: Plate file | G4: Causal independence | H4: Access and egress | I4: Residual custody | J4: Cold reconstruction | K4: Decisive support ancestry | L4: Unresolved envelope discipline | M4: Maximum severity | N4: Fatal domains | O4: Revision domains | P4: Disposition | Q4: Required action | R4: ID occurrences | S4: Root occurrences
A5: ET-A-A | B5: MS-ET | C5: ET-A | D5: A | E5: Distributed twin-body exchange | F5: et-a-rep3-rival-form-set.png | G5: 1 | H5: 0 | I5: 1 | J5: 1 | K5: 1 | L5: 0 | M5: =MAX(G5:L5) -> 1 | N5: =COUNTIF(G5:L5,Controls!$B$11) -> 0 | O5: =COUNTIF(G5:L5,Controls!$B$10) -> 4 | P5: =IF(M5=Controls!$B$11,"WITHDRAW / REPLACE",IF(M5=Controls!$B$10,"REVISE","RETAIN")) -> REVISE | Q5: Split custody, residual handling and cold-build records by path | R5: =COUNTIF($A$5:$A$22,A5) -> 1 | S5: =COUNTIF($C$5:$C$22,C5) -> 3
A6: ET-A-B | B6: MS-ET | C6: ET-A | D6: B | E6: Articulated offshore spine | F6: et-a-rep3-rival-form-set.png | G6: 1 | H6: 0 | I6: 1 | J6: 1 | K6: 1 | L6: 0 | M6: =MAX(G6:L6) -> 1 | N6: =COUNTIF(G6:L6,Controls!$B$11) -> 0 | O6: =COUNTIF(G6:L6,Controls!$B$10) -> 4 | P6: =IF(M6=Controls!$B$11,"WITHDRAW / REPLACE",IF(M6=Controls!$B$10,"REVISE","RETAIN")) -> REVISE | Q6: Create independently safeable articulation chains and dual load paths | R6: =COUNTIF($A$5:$A$22,A6) -> 1 | S6: =COUNTIF($C$5:$C$22,C6) -> 3
A7: ET-A-C | B7: MS-ET | C7: ET-A | D7: C | E7: Semi-submersible exchange lattice | F7: et-a-rep3-rival-form-set.png | G7: 1 | H7: 0 | I7: 1 | J7: 1 | K7: 1 | L7: 1 | M7: =MAX(G7:L7) -> 1 | N7: =COUNTIF(G7:L7,Controls!$B$11) -> 0 | O7: =COUNTIF(G7:L7,Controls!$B$10) -> 5 | P7: =IF(M7=Controls!$B$11,"WITHDRAW / REPLACE",IF(M7=Controls!$B$10,"REVISE","RETAIN")) -> REVISE | Q7: Split wet-to-dry frames and leave stationkeeping closure unresolved | R7: =COUNTIF($A$5:$A$22,A7) -> 1 | S7: =COUNTIF($C$5:$C$22,C7) -> 3
A8: CT-C-A | B8: MS-CT | C8: CT-C | D8: A | E8: Ground-supported telescoping spine | F8: ct-c-rep3-rival-form-set.png | G8: 1 | H8: 1 | I8: 0 | J8: 1 | K8: 1 | L8: 1 | M8: =MAX(G8:L8) -> 1 | N8: =COUNTIF(G8:L8,Controls!$B$11) -> 0 | O8: =COUNTIF(G8:L8,Controls!$B$10) -> 5 | P8: =IF(M8=Controls!$B$11,"WITHDRAW / REPLACE",IF(M8=Controls!$B$10,"REVISE","RETAIN")) -> REVISE | Q8: Segment reaction paths, safeing and rebuild sections by trunk group | R8: =COUNTIF($A$5:$A$22,A8) -> 1 | S8: =COUNTIF($C$5:$C$22,C8) -> 3
A9: CT-C-B | B9: MS-CT | C9: CT-C | D9: B | E9: Suspended facade utility belt | F9: ct-c-rep3-rival-form-set.png | G9: 1 | H9: 1 | I9: 0 | J9: 1 | K9: 1 | L9: 1 | M9: =MAX(G9:L9) -> 1 | N9: =COUNTIF(G9:L9,Controls!$B$11) -> 0 | O9: =COUNTIF(G9:L9,Controls!$B$10) -> 5 | P9: =IF(M9=Controls!$B$11,"WITHDRAW / REPLACE",IF(M9=Controls!$B$10,"REVISE","RETAIN")) -> REVISE | Q9: Use independently qualified anchor zones and fail-safe belt breaks | R9: =COUNTIF($A$5:$A$22,A9) -> 1 | S9: =COUNTIF($C$5:$C$22,C9) -> 3
A10: CT-C-C | B10: MS-CT | C10: CT-C | D10: C | E10: Mast-and-bridge insertion grid | F10: ct-c-rep3-rival-form-set.png | G10: 0 | H10: 0 | I10: 0 | J10: 0 | K10: 0 | L10: 0 | M10: =MAX(G10:L10) -> 0 | N10: =COUNTIF(G10:L10,Controls!$B$11) -> 0 | O10: =COUNTIF(G10:L10,Controls!$B$10) -> 0 | P10: =IF(M10=Controls!$B$11,"WITHDRAW / REPLACE",IF(M10=Controls!$B$10,"REVISE","RETAIN")) -> RETAIN | Q10: Retain separation; dimension bridge-drop and egress boundaries | R10: =COUNTIF($A$5:$A$22,A10) -> 1 | S10: =COUNTIF($C$5:$C$22,C10) -> 3
A11: HC-A-A | B11: MS-HC | C11: HC-A | D11: A | E11: High-endurance winged array | F11: hc-a-rep3-rival-form-set.png | G11: 2 | H11: 0 | I11: 1 | J11: 1 | K11: 2 | L11: 1 | M11: =MAX(G11:L11) -> 2 | N11: =COUNTIF(G11:L11,Controls!$B$11) -> 2 | O11: =COUNTIF(G11:L11,Controls!$B$10) -> 3 | P11: =IF(M11=Controls!$B$11,"WITHDRAW / REPLACE",IF(M11=Controls!$B$10,"REVISE","RETAIN")) -> WITHDRAW / REPLACE | Q11: Replace with independently safeable winged sector cells | R11: =COUNTIF($A$5:$A$22,A11) -> 1 | S11: =COUNTIF($C$5:$C$22,C11) -> 3
A12: HC-A-B | B12: MS-HC | C12: HC-A | D12: B | E12: Aerostat intervention train | F12: hc-a-rep3-rival-form-set.png | G12: 1 | H12: 1 | I12: 1 | J12: 1 | K12: 1 | L12: 0 | M12: =MAX(G12:L12) -> 1 | N12: =COUNTIF(G12:L12,Controls!$B$11) -> 0 | O12: =COUNTIF(G12:L12,Controls!$B$10) -> 5 | P12: =IF(M12=Controls!$B$11,"WITHDRAW / REPLACE",IF(M12=Controls!$B$10,"REVISE","RETAIN")) -> REVISE | Q12: Separate tethers, local energy, control and recovery by sector | R12: =COUNTIF($A$5:$A$22,A12) -> 1 | S12: =COUNTIF($C$5:$C$22,C12) -> 3
A13: HC-A-C | B13: MS-HC | C13: HC-A | D13: C | E13: Distributed rotorborne cells | F13: hc-a-rep3-rival-form-set.png | G13: 0 | H13: 0 | I13: 0 | J13: 0 | K13: 0 | L13: 0 | M13: =MAX(G13:L13) -> 0 | N13: =COUNTIF(G13:L13,Controls!$B$11) -> 0 | O13: =COUNTIF(G13:L13,Controls!$B$10) -> 0 | P13: =IF(M13=Controls!$B$11,"WITHDRAW / REPLACE",IF(M13=Controls!$B$10,"REVISE","RETAIN")) -> RETAIN | Q13: Retain local control and prohibit common decisive network service | R13: =COUNTIF($A$5:$A$22,A13) -> 1 | S13: =COUNTIF($C$5:$C$22,C13) -> 3
A14: LF-B-A | B14: MS-LF | C14: LF-B | D14: A | E14: Radial multi-bore source field | F14: lf-b-rep3-rival-form-set.png | G14: 1 | H14: 1 | I14: 1 | J14: 1 | K14: 1 | L14: 0 | M14: =MAX(G14:L14) -> 1 | N14: =COUNTIF(G14:L14,Controls!$B$11) -> 0 | O14: =COUNTIF(G14:L14,Controls!$B$10) -> 5 | P14: =IF(M14=Controls!$B$11,"WITHDRAW / REPLACE",IF(M14=Controls!$B$10,"REVISE","RETAIN")) -> REVISE | Q14: Split conversion, product and injection headers into loss-defined cells | R14: =COUNTIF($A$5:$A$22,A14) -> 1 | S14: =COUNTIF($C$5:$C$22,C14) -> 3
A15: LF-B-B | B15: MS-LF | C15: LF-B | D15: B | E15: Linear roadless source train | F15: lf-b-rep3-rival-form-set.png | G15: 1 | H15: 1 | I15: 1 | J15: 1 | K15: 1 | L15: 0 | M15: =MAX(G15:L15) -> 1 | N15: =COUNTIF(G15:L15,Controls!$B$11) -> 0 | O15: =COUNTIF(G15:L15,Controls!$B$10) -> 5 | P15: =IF(M15=Controls!$B$11,"WITHDRAW / REPLACE",IF(M15=Controls!$B$10,"REVISE","RETAIN")) -> REVISE | Q15: Separate route basins and preserve independent cold access | R15: =COUNTIF($A$5:$A$22,A15) -> 1 | S15: =COUNTIF($C$5:$C$22,C15) -> 3
A16: LF-B-C | B16: MS-LF | C16: LF-B | D16: C | E16: Nearshore supported source island | F16: lf-b-rep3-rival-form-set.png | G16: 2 | H16: 1 | I16: 1 | J16: 1 | K16: 2 | L16: 1 | M16: =MAX(G16:L16) -> 2 | N16: =COUNTIF(G16:L16,Controls!$B$11) -> 2 | O16: =COUNTIF(G16:L16,Controls!$B$10) -> 4 | P16: =IF(M16=Controls!$B$11,"WITHDRAW / REPLACE",IF(M16=Controls!$B$10,"REVISE","RETAIN")) -> WITHDRAW / REPLACE | Q16: Replace with a separated nearshore caisson archipelago | R16: =COUNTIF($A$5:$A$22,A16) -> 1 | S16: =COUNTIF($C$5:$C$22,C16) -> 3
... A22: RT-B-C | B22: MS-RT | C22: RT-B | D22: C | E22: Linear mobile process train | F22: rt-b-rep3-rival-form-set.png | G22: 2 | H22: 0 | I22: 1 | J22: 2 | K22: 1 | L22: 1 | M22: =MAX(G22:L22) -> 2 | N22: =COUNTIF(G22:L22,Controls!$B$11) -> 2 | O22: =COUNTIF(G22:L22,Controls!$B$10) -> 3 | P22: =IF(M22=Controls!$B$11,"WITHDRAW / REPLACE",IF(M22=Controls!$B$10,"REVISE","RETAIN")) -> WITHDRAW / REPLACE | Q22: Replace with parallel complete mobile microfactory trainlets | R22: =COUNTIF($A$5:$A$22,A22) -> 1 | S22: =COUNTIF($C$5:$C$22,C22) -> 3

Sheet Contradictions
A2: Primary form-induced contradictions
A4: Contradiction | B4: Root | C4: Hypothesis | D4: Decisive domain | E4: Domain name | F4: Severity | G4: Visible conflict | H4: Required correction | I4: Disposition
A5: K01 | B5: ET-A | C5: ET-A-A | D5: D01 | E5: Causal independence | F5: 1 | G5: Shared dry-custody manifold visually reunites two paths | H5: Split custody, residual handling and cold-build records by path | I5: REVISE BEFORE DIMENSIONED DESIGN
A6: K02 | B6: ET-A | C6: ET-A-B | D6: D01 | E6: Causal independence | F6: 1 | G6: One articulated spine can propagate structural loss between paths | H6: Create independently safeable articulation chains and dual load paths | I6: REVISE BEFORE DIMENSIONED DESIGN
A7: K03 | B7: ET-A | C7: ET-A-C | D7: D01 | E7: Causal independence | F7: 1 | G7: Common deck lattice and custody zone hide path independence | H7: Split wet-to-dry frames and leave stationkeeping closure unresolved | I7: REVISE BEFORE DIMENSIONED DESIGN
A8: K04 | B8: CT-C | C8: CT-C-A | D8: D01 | E8: Causal independence | F8: 1 | G8: One base and mast carry all trunks and attachments | H8: Segment reaction paths, safeing and rebuild sections by trunk group | I8: REVISE BEFORE DIMENSIONED DESIGN
A9: K05 | B9: CT-C | C9: CT-C-B | D9: D01 | E9: Causal independence | F9: 1 | G9: Shared roof anchors and belt truss borrow one host reaction path | H9: Use independently qualified anchor zones and fail-safe belt breaks | I9: REVISE BEFORE DIMENSIONED DESIGN
A10: K06 | B10: HC-A | C10: HC-A-A | D10: D01 | E10: Causal independence | F10: 2 | G10: One airframe is the load, energy and flight-control ancestor for every sector | H10: Replace with independently safeable winged sector cells | I10: WITHDRAW / REPLACE
A11: K07 | B11: HC-A | C11: HC-A-B | D11: D01 | E11: Causal independence | F11: 1 | G11: Mooring and power-data custody can collapse into one train controller | H11: Separate tethers, local energy, control and recovery by sector | I11: REVISE BEFORE DIMENSIONED DESIGN
A12: K08 | B12: LF-B | C12: LF-B-A | D12: D01 | E12: Causal independence | F12: 1 | G12: Central headers and co-located conversion can reunite isolated bores | H12: Split conversion, product and injection headers into loss-defined cells | I12: REVISE BEFORE DIMENSIONED DESIGN
A13: K09 | B13: LF-B | C13: LF-B-B | D13: D01 | E13: Causal independence | F13: 1 | G13: Both water paths and rebuild access share one linear corridor | H13: Separate route basins and preserve independent cold access | I13: REVISE BEFORE DIMENSIONED DESIGN
A14: K10 | B14: LF-B | C14: LF-B-C | D14: D01 | E14: Causal independence | F14: 2 | G14: One marine frame is the structural ancestor of all nine access positions | H14: Replace with a separated nearshore caisson archipelago | I14: WITHDRAW / REPLACE
A15: K11 | B15: HU-A | C15: HU-A-A | D15: D01 | E15: Causal independence | F15: 1 | G15: Central utility and residual court can reunite otherwise separate care cells | H15: Distribute six utilities and residual custody across isolated courts | I15: REVISE BEFORE DIMENSIONED DESIGN
A16: K12 | B16: HU-A | C16: HU-A-B | D16: D01 | E16: Causal independence | F16: 1 | G16: One longitudinal spine is a common access and clean-dirty flow ancestor | H16: Add isolatable spine sections and independent bypass circulation | I16: REVISE BEFORE DIMENSIONED DESIGN
... A19: K15 | B19: RT-B | C19: RT-B-C | D19: D01 | E19: Causal independence | F19: 2 | G19: The depicted train serializes five stages instead of five complete meshes | H19: Replace with parallel complete mobile microfactory trainlets | I19: WITHDRAW / REPLACE

Sheet Replacement Forms
A2: Five topology-preserving replacement orders
A4: Withdrawn hypothesis | B4: Replacement form | C4: Required architecture | D4: What remains invariant | E4: Release state
A5: HC-A-A | B5: Independent winged sector cells | C5: Five separately safeable lifting bodies retain attributable sector release without one airframe ancestor | D5: Preserves wing-borne persistence; removes shared structure, energy and flight control | E5: SPECIFICATION ONLY / NOT RENDERED
A6: LF-B-C | B6: Nearshore caisson source archipelago | C6: Three independently founded caissons divide nine access positions, conversion, product and injection paths | D6: Preserves nearshore access; removes the single marine frame | E6: SPECIFICATION ONLY / NOT RENDERED
A7: HU-A-C | B7: Paired clinical metabolism towers | C7: Two independently founded vertical zones duplicate access, utilities and each indivisible care line | D7: Preserves vertical clinical metabolism; removes one foundation and shaft ancestry | E7: SPECIFICATION ONLY / NOT RENDERED
A8: RT-B-B | B8: Five-petal independent clean-core ring | C8: Each petal contains a complete dirty-return-to-signed-release mesh; the center supplies reference only | D8: Preserves radial form; removes the common decisive metrology core | E8: SPECIFICATION ONLY / NOT RENDERED
A9: RT-B-C | B9: Parallel mobile microfactory trainlets | C9: Five mobile trainlets each contain the complete process and metrology chain | D9: Preserves linear mobility; removes serial stage dependence | E9: SPECIFICATION ONLY / NOT RENDERED

Sheet Finance
A2: Contradiction work adds no program ceiling
A4: System | B4: Root | C4: Article | D4: Option ceiling USD B | E4: FRAME share | F4: Maximum FRAME USD B | G4: Incremental audit ceiling USD B | H4: Accepted USD B | I4: Paid USD B | J4: State
A5: MS-ET | B5: ET-A | C5: Pelagic exchange cell | D5: 0.50047462 | E5: =Controls!$B$15 -> 0.15 | F5: =D5*E5 -> 0.075071193 | G5: =Controls!$B$16 -> 0 | H5: 0 | I5: 0 | J5: =IF(OR(G5>0,H5>0,I5>0),"INVALID","HELD") -> HELD
A6: MS-CT | B6: CT-C | C6: Occupied-building utility-spine sector | D6: 0.51649348 | E6: =Controls!$B$15 -> 0.15 | F6: =D6*E6 -> 0.077474022 | G6: =Controls!$B$16 -> 0 | H6: 0 | I6: 0 | J6: =IF(OR(G6>0,H6>0,I6>0),"INVALID","HELD") -> HELD
A7: MS-HC | B7: HC-A | C7: Atmospheric intervention cell | D7: 0.30722165 | E7: =Controls!$B$15 -> 0.15 | F7: =D7*E7 -> 0.046083248 | G7: =Controls!$B$16 -> 0 | H7: 0 | I7: 0 | J7: =IF(OR(G7>0,H7>0,I7>0),"INVALID","HELD") -> HELD
A8: MS-LF | B8: LF-B | C8: Geothermal source position | D8: 0.89941282 | E8: =Controls!$B$15 -> 0.15 | F8: =D8*E8 -> 0.13491192 | G8: =Controls!$B$16 -> 0 | H8: 0 | I8: 0 | J8: =IF(OR(G8>0,H8>0,I8>0),"INVALID","HELD") -> HELD
A9: MS-HU | B9: HU-A | C9: Complete clinical island | D9: 0.86071245 | E9: =Controls!$B$15 -> 0.15 | F9: =D9*E9 -> 0.12910687 | G9: =Controls!$B$16 -> 0 | H9: 0 | I9: 0 | J9: =IF(OR(G9>0,H9>0,I9>0),"INVALID","HELD") -> HELD
A10: MS-RT | B10: RT-B | C10: Disconnected microfactory mesh | D10: 0.50259779 | E10: =Controls!$B$15 -> 0.15 | F10: =D10*E10 -> 0.075389669 | G10: =Controls!$B$16 -> 0 | H10: 0 | I10: 0 | J10: =IF(OR(G10>0,H10>0,I10>0),"INVALID","HELD") -> HELD
A11: TOTAL | B11: six roots | C11: form contradiction audit | D11: =SUM(D5:D10) -> 3.5869128 | F11: =SUM(F5:F10) -> 0.53803692 | G11: =SUM(G5:G10) -> 0 | H11: =SUM(H5:H10) -> 0 | I11: =SUM(I5:I10) -> 0 | J11: =IF(COUNTIF(J5:J10,"INVALID")>0,"INVALID","HELD") -> HELD

Sheet Mutations
A2: Mutation test register
A4: Mutation | B4: Controlled change | C4: Expected detection | D4: Detected | E4: Restored
A5: M01 | B5: change CT-C-C independence 0 to 1 | C5: retain count falls and revise count rises | D5: 1 | E5: 1
A6: M02 | B6: change HC-A-A fatal independence 2 to 1 | C6: fatal-domain total falls | D6: 1 | E6: 1
A7: M03 | B7: remove one hypothesis identifier | C7: hypothesis-count audit fails | D7: 1 | E7: 1
A8: M04 | B8: change replacement count by blanking one row | C8: replacement-count audit fails | D8: 1 | E8: 1
A9: M05 | B9: enter one selected hypothesis | C9: zero-selection audit fails | D9: 1 | E9: 1
A10: M06 | B10: enter one branch kill | C10: branch-kill decision audit fails | D10: 1 | E10: 1
A11: M07 | B11: raise FRAME share | C11: finance ceiling changes and audit fails | D11: 1 | E11: 1
A12: M08 | B12: enter incremental ceiling | C12: finance hold fails | D12: 1 | E12: 1
A13: M09 | B13: enter accepted payment | C13: finance hold fails | D13: 1 | E13: 1
A14: M10 | B14: remove one domain | C14: domain-count audit fails | D14: 1 | E14: 1
A15: M11 | B15: erase one score | C15: domain-decision audit fails | D15: 1 | E15: 1
A16: M12 | B16: change withdrawn form to all-pass scores | C16: withdraw count changes | D16: 1 | E16: 1

Sheet Audit
A2: Independent workbook checks
A4: Audit | B4: Check | C4: Actual | D4: Expected | E4: Result
A5: A01 | B5: hypothesis count | C5: =COUNTA('Hypothesis Audit'!A5:A22) -> 18 | D5: 18 | E5: =IF(ABS(C5-D5)<0.0000001,"PASS","FAIL") -> PASS
A6: A02 | B6: unique hypothesis count | C6: =COUNTIF('Hypothesis Audit'!R5:R22,1) -> 18 | D6: 18 | E6: =IF(ABS(C6-D6)<0.0000001,"PASS","FAIL") -> PASS
A7: A03 | B7: complete three-hypothesis roots | C7: =COUNTIF('Hypothesis Audit'!S5:S22,3)/3 -> 6 | D7: 6 | E7: =IF(ABS(C7-D7)<0.0000001,"PASS","FAIL") -> PASS
A8: A04 | B8: domain count | C8: =COUNTA(Controls!A9:A14) -> 6 | D8: 6 | E8: =IF(ABS(C8-D8)<0.0000001,"PASS","FAIL") -> PASS
A9: A05 | B9: domain decisions | C9: =COUNT('Hypothesis Audit'!G5:L22) -> 108 | D9: 108 | E9: =IF(ABS(C9-D9)<0.0000001,"PASS","FAIL") -> PASS
A10: A06 | B10: pass cells | C10: =COUNTIF('Hypothesis Audit'!G5:L22,0) -> 34 | D10: 34 | E10: =IF(ABS(C10-D10)<0.0000001,"PASS","FAIL") -> PASS
A11: A07 | B11: revision cells | C11: =COUNTIF('Hypothesis Audit'!G5:L22,1) -> 61 | D11: 61 | E11: =IF(ABS(C11-D11)<0.0000001,"PASS","FAIL") -> PASS
A12: A08 | B12: fatal cells | C12: =COUNTIF('Hypothesis Audit'!G5:L22,2) -> 13 | D12: 13 | E12: =IF(ABS(C12-D12)<0.0000001,"PASS","FAIL") -> PASS
A13: A09 | B13: retain dispositions | C13: =COUNTIF('Hypothesis Audit'!P5:P22,"RETAIN") -> 3 | D13: 3 | E13: =IF(ABS(C13-D13)<0.0000001,"PASS","FAIL") -> PASS
A14: A10 | B14: revise dispositions | C14: =COUNTIF('Hypothesis Audit'!P5:P22,"REVISE") -> 10 | D14: 10 | E14: =IF(ABS(C14-D14)<0.0000001,"PASS","FAIL") -> PASS
A15: A11 | B15: withdraw dispositions | C15: =COUNTIF('Hypothesis Audit'!P5:P22,"WITHDRAW / REPLACE") -> 5 | D15: 5 | E15: =IF(ABS(C15-D15)<0.0000001,"PASS","FAIL") -> PASS
A16: A12 | B16: disposition total | C16: =SUM(C13:C15) -> 18 | D16: 18 | E16: =IF(ABS(C16-D16)<0.0000001,"PASS","FAIL") -> PASS
A17: A13 | B17: primary contradictions | C17: =COUNTA(Contradictions!A5:A19) -> 15 | D17: 15 | E17: =IF(ABS(C17-D17)<0.0000001,"PASS","FAIL") -> PASS
A18: A14 | B18: replacement forms | C18: =COUNTA('Replacement Forms'!A5:A9) -> 5 | D18: 5 | E18: =IF(ABS(C18-D18)<0.0000001,"PASS","FAIL") -> PASS
A19: A15 | B19: selected hypotheses | C19: =Controls!B12 -> 0 | D19: 0 | E19: =IF(ABS(C19-D19)<0.0000001,"PASS","FAIL") -> PASS
A20: A16 | B20: accepted observations | C20: =Controls!B13 -> 0 | D20: 0 | E20: =IF(ABS(C20-D20)<0.0000001,"PASS","FAIL") -> PASS
A21: A17 | B21: branch kills | C21: =Controls!B14 -> 0 | D21: 0 | E21: =IF(ABS(C21-D21)<0.0000001,"PASS","FAIL") -> PASS
A22: A18 | B22: option ceiling conservation | C22: =Finance!D11 -> 3.5869128 | D22: 3.5869128 | E22: =IF(ABS(C22-D22)<0.0000001,"PASS","FAIL") -> PASS
A23: A19 | B23: FRAME ceiling conservation | C23: =Finance!F11 -> 0.53803692 | D23: 0.53803692 | E23: =IF(ABS(C23-D23)<0.0000001,"PASS","FAIL") -> PASS
A24: A20 | B24: incremental ceiling | C24: =Finance!G11 -> 0 | D24: 0 | E24: =IF(ABS(C24-D24)<0.0000001,"PASS","FAIL") -> PASS
A25: A21 | B25: accepted amount | C25: =Finance!H11 -> 0 | D25: 0 | E25: =IF(ABS(C25-D25)<0.0000001,"PASS","FAIL") -> PASS
A26: A22 | B26: paid amount | C26: =Finance!I11 -> 0 | D26: 0 | E26: =IF(ABS(C26-D26)<0.0000001,"PASS","FAIL") -> PASS
A27: A23 | B27: finance states held | C27: =COUNTIF(Finance!J5:J10,"HELD") -> 6 | D27: 6 | E27: =IF(ABS(C27-D27)<0.0000001,"PASS","FAIL") -> PASS
A28: A24 | B28: mutations detected | C28: =SUM(Mutations!D5:D16) -> 12 | D28: 12 | E28: =IF(ABS(C28-D28)<0.0000001,"PASS","FAIL") -> PASS
A29: A25 | B29: mutations restored | C29: =SUM(Mutations!E5:E16) -> 12 | D29: 12 | E29: =IF(ABS(C29-D29)<0.0000001,"PASS","FAIL") -> PASS

Sheet Sources & Limits
A2: Sources and limits
A4: Source | B4: Role | C4: Controlled use | D4: Limit
A5: Pass 221 rival visual set issuance | B5: representation source | C5: six issued REP-3 Markdown-and-raster records | D5: generated marks are not metrology
A6: Pass 220 representation boundary | B6: authority source | C6: representation ladder, view rules and nonconversion law | D6: REP-4 through REP-7 remain held
A7: Pass 219 internal-section architecture | B7: technical source | C7: six root-native bills, isolation and reconstruction requirements | D7: no physical observation exists
A8: Pass 218 quantitative triage | B8: negative source | C8: missing-is-not-zero and 2.5-percent design screen | D8: design arithmetic is not evidence
A9: Pass 215 construction compact | B9: finance and warrant source | C9: option ceilings and FRAME share | D9: no firm, site, award or payment exists
A10: Pass 222 expert visual audit | B10: judgment source | C10: explicit six-domain ordinal dispositions | D10: not engineering analysis or measured validation
